-- phpMyAdmin SQL Dump
-- version 3.3.3
-- http://www.phpmyadmin.net
--
-- Host: localhost
-- Generation Time: Mar 10, 2015 at 07:10 AM
-- Server version: 5.1.50
-- PHP Version: 5.3.14

SET SQL_MODE="NO_AUTO_VALUE_ON_ZERO";


/*!40101 SET @OLD_CHARACTER_SET_CLIENT=@@CHARACTER_SET_CLIENT */;
/*!40101 SET @OLD_CHARACTER_SET_RESULTS=@@CHARACTER_SET_RESULTS */;
/*!40101 SET @OLD_COLLATION_CONNECTION=@@COLLATION_CONNECTION */;
/*!40101 SET NAMES utf8 */;

--
-- Database: `familydecoration`
--

-- --------------------------------------------------------

--
-- Table structure for table `basic_item`
--

DROP TABLE IF EXISTS `basic_item`;
CREATE TABLE IF NOT EXISTS `basic_item` (
  `id` int(20) NOT NULL AUTO_INCREMENT,
  `itemId` varchar(100) NOT NULL COMMENT 'Âü∫Á°ÄÈ°πÁõÆÂ§ßÈ°πid',
  `itemName` varchar(100) NOT NULL COMMENT 'Âü∫Á°ÄÈ°πÁõÆÂ§ßÈ°πÂêçÁß∞',
  PRIMARY KEY (`id`)
) ENGINE=InnoDB  DEFAULT CHARSET=utf8 AUTO_INCREMENT=12 ;

--
-- Dumping data for table `basic_item`
--

INSERT INTO `basic_item` (`id`, `itemId`, `itemName`) VALUES
(1, 'basic-201412061743412957', 'ÂêäÈ°∂Â∑•Á®ã'),
(2, 'basic-201412061745099855', 'ÂΩ≠Êµ©Â∑•Á®ã'),
(3, 'basic-201412061745209628', 'ÊµãËØïÂ∑•Á®ã'),
(4, 'basic-201412061745208299', 'ÊµãËØïÂ∑•Á®ã1'),
(5, 'basic-201412241009184445', 'ÁîµÂ≠êËÆæÂ§áÂ∑•Á®ã'),
(6, 'basic-201412241009184440', 'Ê°åÈù¢Â∑•Á®ã'),
(7, 'basic-201412241009181369', 'Âñ∑ÊºÜÂ∑•Á®ã'),
(8, 'basic-201412241009187201', 'ÁîµÁÅØÂ∑•Á®ã'),
(9, 'basic-201412241009184474', 'Ê±ΩËΩ¶Â∑•Á®ã'),
(10, 'basic-201412241009185763', 'ÁéªÁíÉÂ∑•Á®ã'),
(11, 'basic-201412241009184112', 'ÂÆ§ÂÜÖÂ∑•Á®ã');

-- --------------------------------------------------------

--
-- Table structure for table `basic_sub_item`
--

DROP TABLE IF EXISTS `basic_sub_item`;
CREATE TABLE IF NOT EXISTS `basic_sub_item` (
  `id` int(20) NOT NULL AUTO_INCREMENT,
  `subItemId` varchar(120) NOT NULL COMMENT 'Âü∫Á°ÄÈ°πÁõÆÂ≠êÈ°πid',
  `subItemName` varchar(100) NOT NULL COMMENT 'Âü∫Á°ÄÈ°πÁõÆÂ≠êÈ°πÂêçÁß∞',
  `subItemUnit` varchar(20) NOT NULL,
  `mainMaterialPrice` double NOT NULL COMMENT 'Âü∫Á°ÄÈ°πÁõÆÂ≠êÈ°π‰∏ªÊùêÂçï‰ª∑',
  `auxiliaryMaterialPrice` double NOT NULL COMMENT 'Âü∫Á°ÄÈ°πÁõÆÂ≠êÈ°πËæÖÊùêÂçï‰ª∑',
  `manpowerPrice` double NOT NULL COMMENT 'Âü∫Á°ÄÈ°πÁõÆÂ≠êÈ°π‰∫∫Â∑•Âçï‰ª∑',
  `machineryPrice` double NOT NULL COMMENT 'Âü∫Á°ÄÈ°πÁõÆÂ≠êÈ°πÊú∫Ê¢∞Âçï‰ª∑',
  `lossPercent` double DEFAULT NULL COMMENT 'Âü∫Á°ÄÈ°πÁõÆÂ≠êÈ°πÊçüËÄóÁôæÂàÜÊØî',
  `parentId` varchar(100) NOT NULL COMMENT 'Âü∫Á°ÄÈ°πÁõÆÂ§ßÈ°πÁöÑitemId',
  `cost` double NOT NULL COMMENT 'Âü∫Á°ÄÂ≠êÈ°πÁõÆÊàêÊú¨',
  `remark` text NOT NULL COMMENT 'Â§öË°åÂ§áÊ≥®',
  PRIMARY KEY (`id`)
) ENGINE=InnoDB  DEFAULT CHARSET=utf8 AUTO_INCREMENT=28 ;

--
-- Dumping data for table `basic_sub_item`
--

INSERT INTO `basic_sub_item` (`id`, `subItemId`, `subItemName`, `subItemUnit`, `mainMaterialPrice`, `auxiliaryMaterialPrice`, `manpowerPrice`, `machineryPrice`, `lossPercent`, `parentId`, `cost`, `remark`) VALUES
(1, 'basic-sub-201412061744566090', 'ÂÆ∂Ë£ÖÂêäÈ°∂', '„é°', 1.123, 3.12, 4.125, 1.312, 0.14, 'basic-201412061743412957', 1.01, '1„ÄÅ50Á≥ªÂàóUÂûãËΩªÈí¢ÈæôÈ™®ÊàñÊú®Êù°ÈæôÈ™®.2„ÄÅ9mmÂéöÁ∫∏Èù¢Áü≥ËÜèÊùøÁΩ©Èù¢ÔºåËá™ÊîªËû∫‰∏ùÈíâÂõ∫ÂÆö.3„ÄÅÊåâÂ±ïÂºÄÂπ≥Èù¢Èù¢ÁßØËÆ°ÁÆóÂ∑•Á®ãÈáèÔºå‰∏çË∂≥1„é°Êåâ1„é°ËÆ°ÁÆó.4„ÄÅÁ™óÂ∏òÁõíÂè¶ËÆ°.'),
(2, 'basic-sub-201412061744562808', 'Â±ãÈ°∂Ë£Ö‰øÆ', '„é°', 3.12, 9.12, 11.234, 10.98, 0.1, 'basic-201412061743412957', 3.01, ''),
(3, 'basic-sub-201412061746241275', 'ÁæéÂ∑•', 'ml', 1.31, 9.1, 11.21, 0.13, 0.1, 'basic-201412061745099855', 0.987, ''),
(4, 'basic-sub-201412061746245245', 'ÁæéÂåñ', 'km', 10.12, 9.12, 11.21, 11.98, 0.901, 'basic-201412061745099855', 0, ''),
(5, 'basic-sub-201412061747255522', 'ÊµãËØïÂêçÁß∞1', 'hh', 12.1, 2.01, 0.11, 9.101, 0, 'basic-201412061745209628', 0, ''),
(6, 'basic-sub-201412061747257423', 'ÊµãËØïÂêçÁß∞2', 'hl', 109.1, 89.1, 0.123, 98.1, 0.001, 'basic-201412061745209628', 0.1, ''),
(7, 'basic-sub-201412241015528280', 'È°∂ÈÉ®ÁøªÊñ∞', 'm', 0.9, 2.2, 54, 6, 0.1, 'basic-201412061743412957', 0.4, ''),
(8, 'basic-sub-201412241015521911', 'È°∂ÈÉ®Ë£ÖÊΩ¢', 'm', 9, 3.9, 0.14, 7, 0.2, 'basic-201412061743412957', 7, ''),
(9, 'basic-sub-201412241015523660', 'È°∂Ê¢ÅÂàáÈô§', 'm', 24.9, 0.1, 0.1, 6.31, 0.1, 'basic-201412061743412957', 14, ''),
(10, 'basic-sub-201412241015526470', 'ÂêçÂ≠ó1', 'm', 2.3, 0.1, 4.45, 8.6, 0.4, 'basic-201412061743412957', 1.1, ''),
(11, 'basic-sub-201412241015524962', 'ÂêçÂ≠ó2', 'f', 0.3, 0.7, 0.54, 0.4, 0.7, 'basic-201412061743412957', 0.1, ''),
(12, 'basic-sub-201412241015526366', 'ÂêçÂ≠ó3', 'm', 0.4, 10.2, 0.2, 4.6, 0.1, 'basic-201412061743412957', 0, ''),
(13, 'basic-sub-201412241015528970', 'ÂêçÂ≠ó4', 'a', 5, 2.4, 0.1, 0.41, 0.01, 'basic-201412061743412957', 0.5, ''),
(14, 'basic-sub-201412241136392687', 'ÁéªÁíÉ1', 'h', 1.21, 21.2, 0.21, 0.21, 0.3, 'basic-201412241009185763', 1.01, ''),
(15, 'basic-sub-201412241138575707', 'ÁéªÁíÉ2', 'k1', 12.12, 31.1, 12.1, 41.1, 0.2, 'basic-201412241009185763', 11, ''),
(16, 'basic-sub-201412241138577250', 'ÁéªÁíÉ3', 'a', 12.31, 12.21, 12.1, 19.12, 0.11, 'basic-201412241009185763', 9.1, ''),
(17, 'basic-sub-201412241138571101', 'ÁéªÁíÉ4', 'o', 91, 10.2, 0.21, 2.3, 0.08, 'basic-201412241009185763', 80, ''),
(18, 'basic-sub-201412241140029652', 'Ê±ΩËΩ¶1', 'p', 10021.5, 1990.2, 890.12, 980.12, 0.2, 'basic-201412241009184474', 10000.12, ''),
(19, 'basic-sub-201412241140025042', 'Ê±ΩËΩ¶2', 'i', 9809, 980, 2019, 871, 0.31, 'basic-201412241009184474', 9000, ''),
(20, 'basic-sub-201412241140509295', 'ÁÉ≠Â§áÁõò', 'm', 31, 10.21, 11.2, 19.1, 0.1, 'basic-201412241009184445', 6, ''),
(21, 'basic-sub-201412241141158187', 'Ê°åÈù¢', 'k', 21, 91, 12, 21, 0.2, 'basic-201412241009184440', 10, ''),
(22, 'basic-sub-201412241141474234', 'Â¢ô‰∏äÊºÜ', 'px', 12, 213, 123, 113, 0.91, 'basic-201412241009181369', 0.21, ''),
(23, 'basic-sub-201412241142148890', 'ÁÅØÊ≥°', '‰∏™', 0.12, 21, 21.31, 10.2, 0.21, 'basic-201412241009187201', 0.01, ''),
(24, 'basic-sub-201501041354226726', 'Â∞èÈ°πÊµãËØï1', 'df', 0, 0, 0, 0, 0, 'basic-201412061745208299', 0, 'asfdas\ndfasdfasdfa\nsdfasdf\n1234\n123'),
(25, 'basic-sub-201501041356086266', 'Â∞èÈ°πÊµãËØï1', 'df', 0, 0, 0, 0, 0, 'basic-201412061745208299', 0, 'asfd\nasdfasdfasdf\nasdf\nasdf'),
(26, 'basic-sub-201501041417323382', 'asdfa', 'asfa', 0, 0, 0, 0, 0, 'basic-201412241009187201', 0, 'asdfasdfa\nsd\nfa\nsd\nfa\ns\ndf\na\n'),
(27, 'basic-sub-201501041417323509', 'asdfas', 'sdfa', 0, 0, 0, 0, 0, 'basic-201412241009187201', 0, 'asdfasdfasdfasdfjalksjdlkfjalksdjlfkajlsdjfal');

-- --------------------------------------------------------

--
-- Table structure for table `budget`
--

DROP TABLE IF EXISTS `budget`;
CREATE TABLE IF NOT EXISTS `budget` (
  `id` int(11) NOT NULL AUTO_INCREMENT,
  `budgetId` varchar(30) DEFAULT NULL,
  `custName` varchar(45) NOT NULL,
  `projectName` varchar(45) DEFAULT NULL,
  `areaSize` varchar(45) DEFAULT NULL,
  `totalFee` varchar(45) DEFAULT NULL,
  `comments` varchar(4500) DEFAULT NULL,
  `isDeleted` varchar(5) DEFAULT NULL,
  PRIMARY KEY (`id`),
  KEY `bugetId` (`budgetId`)
) ENGINE=InnoDB  DEFAULT CHARSET=utf8 AUTO_INCREMENT=5 ;

--
-- Dumping data for table `budget`
--

INSERT INTO `budget` (`id`, `budgetId`, `custName`, `projectName`, `areaSize`, `totalFee`, `comments`, `isDeleted`) VALUES
(1, 'budget-201412241230051238', 'ÊùéÂÖàÁîü', 'ÊµãËØïÂ∑•Á®ã', '102', '2256.78964', 'ÈòøÊñØÈ°øÂèëÊâãÊú∫ÁöÑË∑ØÂè£ÈôÑËøëÈòøÊãâÊñØÂä†ÁöÑÁ´ãÊñπÈòøÂä†ÊÄùËÄÉÁöÑ>>><<<Áà±Áù°Ëßâ‰∫ÜÂø´ÁÇπ‰∫§ÁΩöÊ¨æËæ£Ê§íÊ∞¥ËÄÅÂú∞ÊñπÂä†ÈÄüÂ∫¶Âïä', 'true'),
(2, 'budget-201412301726085628', 'test', 'Ë•øÂ±±ÁæéÂ¢Ö', '12342', '5016.14432', 'asdfasdfa', 'false'),
(3, 'budget-201501041440302265', 'asdfasdaf', 'Â§©ÈπèÂ∑•Á®ã', '11111', '10.27402', 'fasdfasdfa', 'false'),
(4, 'budget-201503101354352774', 'test1', 'test1', '12313', '142.32148', 'fasdfa', 'false');

-- --------------------------------------------------------

--
-- Table structure for table `budget_item`
--

DROP TABLE IF EXISTS `budget_item`;
CREATE TABLE IF NOT EXISTS `budget_item` (
  `id` int(11) NOT NULL AUTO_INCREMENT,
  `budgetItemId` varchar(50) DEFAULT NULL,
  `itemName` varchar(45) NOT NULL,
  `budgetId` varchar(30) NOT NULL,
  `itemCode` varchar(45) DEFAULT NULL,
  `itemUnit` varchar(45) DEFAULT NULL,
  `itemAmount` double DEFAULT NULL,
  `mainMaterialPrice` double DEFAULT NULL,
  `auxiliaryMaterialPrice` double DEFAULT NULL,
  `manpowerPrice` double DEFAULT NULL,
  `machineryPrice` double DEFAULT NULL,
  `lossPercent` double DEFAULT NULL,
  `isDeleted` varchar(5) DEFAULT NULL,
  `remark` text COMMENT 'Â§áÊ≥®Â§öË°å',
  `basicItemId` varchar(100) DEFAULT NULL COMMENT 'Âü∫Á°ÄÈ°πÁõÆÂ§ßÈ°πÁöÑitemId',
  `basicSubItemId` varchar(120) DEFAULT NULL COMMENT 'Âü∫Á°ÄÈ°πÁõÆÂ≠êÈ°πid',
  PRIMARY KEY (`id`),
  KEY `buget_item_buget_idx` (`budgetId`)
) ENGINE=InnoDB  DEFAULT CHARSET=utf8 AUTO_INCREMENT=83 ;

--
-- Dumping data for table `budget_item`
--

INSERT INTO `budget_item` (`id`, `budgetItemId`, `itemName`, `budgetId`, `itemCode`, `itemUnit`, `itemAmount`, `mainMaterialPrice`, `auxiliaryMaterialPrice`, `manpowerPrice`, `machineryPrice`, `lossPercent`, `isDeleted`, `remark`, `basicItemId`, `basicSubItemId`) VALUES
(1, 'budget-item-201412241230054209', 'ÂêäÈ°∂Â∑•Á®ã', 'budget-201412241230051238', 'A', 'NULL', 0, 0, 0, 0, 0, 0, 'true', 'NULL', 'basic-201412061743412957', 'NULL'),
(2, 'budget-item-201412241230057020', 'ÂÆ∂Ë£ÖÂêäÈ°∂', 'budget-201412241230051238', 'A-1', '„é°', 1.2, 1.123, 3.12, 4.125, 1.312, 0.59402, 'true', 'ÈòøÊãâÊñØÂä†ÊáíÂæóÂºÄÊàøÈó¥Áà±‰∏Ω‰∏ùÈ°∂Ê¢Å\nÁà±ÂÅ•Â∫∑Ë∑ØÂèëÁîüÁöÑÂá†ÁéáÂèëÂç°Êú∫Ëû∫‰∏ùÈíâÊîæ', 'basic-201412061743412957', 'basic-sub-201412061744566090'),
(3, 'budget-item-201412241230055761', 'Â±ãÈ°∂Ë£Ö‰øÆ', 'budget-201412241230051238', 'A-2', '„é°', 13.4, 3.12, 9.12, 11.234, 10.98, 1.224, 'true', 'NULL', 'basic-201412061743412957', 'basic-sub-201412061744562808'),
(4, 'budget-item-201412241230054501', 'È°∂ÈÉ®ÁøªÊñ∞', 'budget-201412241230051238', 'A-3', 'm', 10.1, 0.9, 2, 54, 6, 0.29, 'true', 'ÈòøÊñØÈ°øÂèëËÄÅÂ∏àËÆ≤ÈÅìÁêÜÈòøÊñØËíÇËä¨ÁªøÂç°', 'basic-201412061743412957', 'basic-sub-201412241015528280'),
(5, 'budget-item-201412241230055745', 'È°∂ÈÉ®Ë£ÖÊΩ¢', 'budget-201412241230051238', 'A-4', 'm', 1.3, 9, 3.9, 0.14, 7, 2.58, 'true', 'NULL', 'basic-201412061743412957', 'basic-sub-201412241015521911'),
(6, 'budget-item-201412241230057405', 'È°∂Ê¢ÅÂàáÈô§', 'budget-201412241230051238', 'A-5', 'm', 0.3, 24.9, 0.1, 0.1, 6.31, 2.5, 'true', 'NULL', 'basic-201412061743412957', 'basic-sub-201412241015523660'),
(7, 'budget-item-201412241230051597', 'ÂêçÂ≠ó1', 'budget-201412241230051238', 'A-6', 'm', 11, 2.3, 0.1, 4.45, 8.6, 0.96, 'true', 'ÈòøÊñØÈ°øÈ£ûÊú∫ÈòøÊãâÂç°‰∏âÁ≠âÂ•ñÂèë‰∫ÜÊòØÁöÑ', 'basic-201412061743412957', 'basic-sub-201412241015526470'),
(8, 'budget-item-201412241230057903', 'ÂêçÂ≠ó2', 'budget-201412241230051238', 'A-6', 'f', 1.3, 0.3, 0.7, 0.54, 0.4, 0.7, 'true', 'NULL', 'basic-201412061743412957', 'basic-sub-201412241015524962'),
(9, 'budget-item-201412241230059944', 'ÂêçÂ≠ó3', 'budget-201412241230051238', 'A-7', 'm', 1.3, 0.4, 10.2, 0.2, 4.6, 1.06, 'true', 'Ê°à‰ª∂Â∞ë‰∏§ÂùóË±ÜËÖêËÆ≤ÊàëÁà±Áù°ËßâÈÉΩÁñØ‰∫Ü', 'basic-201412061743412957', 'basic-sub-201412241015526366'),
(10, 'budget-item-201412241230051312', 'ÂêçÂ≠ó4', 'budget-201412241230051238', 'A-8', 'a', 14.1, 5, 2.4, 0.1, 0.41, 0.074, 'true', 'NULL', 'basic-201412061743412957', 'basic-sub-201412241015528970'),
(11, 'budget-item-201412241230051936', 'ÂΩ≠Êµ©Â∑•Á®ã', 'budget-201412241230051238', 'B', 'NULL', 0, 0, 0, 0, 0, 0, 'true', 'NULL', 'basic-201412061745099855', 'NULL'),
(12, 'budget-item-201412241230052074', 'ÁæéÂ∑•', 'budget-201412241230051238', 'B-1', 'ml', 1.3, 1.31, 9.1, 11.21, 0.13, 1.041, 'true', 'NULL', 'basic-201412061745099855', 'basic-sub-201412061746241275'),
(13, 'budget-item-201412241230058496', 'ÁæéÂåñ', 'budget-201412241230051238', 'B-2', 'km', 1.4, 10.12, 9.12, 11.21, 11.98, 17.33524, 'true', 'ÈòøÊñØÈ°øÈ£ûÊú∫ÈòøÊãâÊñØÂä†Âçï‰ªΩÊöóÊÅã', 'basic-201412061745099855', 'basic-sub-201412061746245245'),
(14, 'budget-item-201412241230052557', 'ÊµãËØïÂ∑•Á®ã', 'budget-201412241230051238', 'C', 'NULL', 0, 0, 0, 0, 0, 0, 'true', 'NULL', 'basic-201412061745209628', 'NULL'),
(15, 'budget-item-201412241230053072', 'ÊµãËØïÂêçÁß∞1', 'budget-201412241230051238', 'C-1', 'hh', 23.1, 12.1, 2.01, 0.11, 9.101, 0, 'true', 'NULL', 'basic-201412061745209628', 'basic-sub-201412061747255522'),
(16, 'budget-item-201412241230051253', 'ÊµãËØïÂêçÁß∞2', 'budget-201412241230051238', 'C-2', 'hl', 0.4, 109.1, 89.1, 0.123, 98.1, 0.1982, 'true', 'NULL', 'basic-201412061745209628', 'basic-sub-201412061747257423'),
(17, 'budget-item-201412241230057428', 'Â∑•Á®ãÁõ¥Êé•Ë¥π', 'budget-201412241230051238', 'N', 'ÂÖÉ', 1, 620.870146, 0, 0, 0, 0, 'true', 'NULL', 'NULL', 'NULL'),
(18, 'budget-item-201412241230051938', 'ËÆæËÆ°Ë¥π3%', 'budget-201412241230051238', 'O', 'ÂÖÉ', 0.31, 192.46974526, 0, 0, 0, 0, 'true', 'NULL', 'NULL', 'NULL'),
(19, 'budget-item-201412241230056654', 'ÊïàÊûúÂõæ', 'budget-201412241230051238', 'P', 'Âº†', 4, 2000, 0, 0, 0, 0, 'true', 'NULL', 'NULL', 'NULL'),
(20, 'budget-item-201412241230052349', '5%ÁÆ°ÁêÜË¥π', 'budget-201412241230051238', 'Q', 'ÂÖÉ', 0.05, 31.0435073, 0, 0, 0, 0, 'true', 'NULL', 'NULL', 'NULL'),
(21, 'budget-item-201412241230051749', '0%Á®éÈáë', 'budget-201412241230051238', 'R', 'ÂÖÉ', 0.08, 49.66961168, 0, 0, 0, 0, 'true', 'NULL', 'NULL', 'NULL'),
(22, 'budget-item-201412241230059936', 'Â∑•Á®ãÊÄªÈÄ†‰ª∑', 'budget-201412241230051238', 'S', 'ÂÖÉ', 1, 2894.05301024, 0, 0, 0, 0, 'true', 'NULL', 'NULL', 'NULL'),
(23, 'budget-item-201412241235533660', 'ÊµãËØïÂêçÁß∞1', 'budget-201412241230051238', 'C-1', 'hh', 0, 12.1, 2.01, 0.11, 9.101, 0, 'true', 'NULL', 'basic-201412061745209628', 'basic-sub-201412061747255522'),
(24, 'budget-item-201412241247511000', 'ÂêäÈ°∂Â∑•Á®ã', 'budget-201412241230051238', 'A', 'NULL', 0, 0, 0, 0, 0, 0, 'true', 'NULL', 'basic-201412061743412957', 'NULL'),
(25, 'budget-item-201412241247517049', 'ÂÆ∂Ë£ÖÂêäÈ°∂', 'budget-201412241230051238', 'A-1', '„é°', 1.3, 1.123, 3.12, 4.125, 1.312, 0.59402, 'true', 'asdkfasl;dkf;aks;dkfa;\nasdfjalksjdflajls', 'basic-201412061743412957', 'basic-sub-201412061744566090'),
(26, 'budget-item-201412241247511933', 'Â±ãÈ°∂Ë£Ö‰øÆ', 'budget-201412241230051238', 'A-2', '„é°', 12.31, 3.12, 9.12, 11.234, 10.98, 1.224, 'true', 'sdjfjlkajslkjflkjalskdjk', 'basic-201412061743412957', 'basic-sub-201412061744562808'),
(27, 'budget-item-201412241247514438', 'È°∂ÈÉ®ÁøªÊñ∞', 'budget-201412241230051238', 'A-3', 'm', 1, 0.9, 2, 54, 6, 0.29, 'true', 'asdflajsdjflajsdlk', 'basic-201412061743412957', 'basic-sub-201412241015528280'),
(28, 'budget-item-201412241247515055', 'È°∂ÈÉ®Ë£ÖÊΩ¢', 'budget-201412241230051238', 'A-4', 'm', 0, 9, 3.9, 0.14, 7, 2.58, 'true', 'NULL', 'basic-201412061743412957', 'basic-sub-201412241015521911'),
(29, 'budget-item-201412241247513460', 'È°∂Ê¢ÅÂàáÈô§', 'budget-201412241230051238', 'A-5', 'm', 0.2, 24.9, 0.1, 0.1, 6.31, 2.5, 'true', 'NULL', 'basic-201412061743412957', 'basic-sub-201412241015523660'),
(30, 'budget-item-201412241247516536', 'ÂêçÂ≠ó1', 'budget-201412241230051238', 'A-6', 'm', 0.31, 2.3, 0.1, 4.45, 8.6, 0.96, 'true', 'NULL', 'basic-201412061743412957', 'basic-sub-201412241015526470'),
(31, 'budget-item-201412241247516885', 'ÂêçÂ≠ó2', 'budget-201412241230051238', 'A-7', 'f', 0, 0.3, 0.7, 0.54, 0.4, 0.7, 'true', 'Áúã‰∏ãÊñ∞Ë£ÖÁöÑadobe reader', 'basic-201412061743412957', 'basic-sub-201412241015524962'),
(32, 'budget-item-201412241247516425', 'ÂêçÂ≠ó3', 'budget-201412241230051238', 'A-8', 'm', 2, 0.4, 10.2, 0.2, 4.6, 1.06, 'true', 'NULL', 'basic-201412061743412957', 'basic-sub-201412241015526366'),
(33, 'budget-item-201412241247511301', 'ÂêçÂ≠ó4', 'budget-201412241230051238', 'A-9', 'a', 0.41, 5, 2.4, 0.1, 0.41, 0.074, 'true', 'NULL', 'basic-201412061743412957', 'basic-sub-201412241015528970'),
(34, 'budget-item-201412241254303942', 'ÁîµÂ≠êËÆæÂ§áÂ∑•Á®ã', 'budget-201412241230051238', 'B', 'NULL', 0, 0, 0, 0, 0, 0, 'true', 'NULL', 'basic-201412241009184445', 'NULL'),
(35, 'budget-item-201412241254303270', 'ÁÉ≠Â§áÁõò', 'budget-201412241230051238', 'B-1', 'm', 0, 31, 10.21, 11.2, 19.1, 4.121, 'true', 'NULL', 'basic-201412241009184445', 'basic-sub-201412241140509295'),
(36, 'budget-item-201412241254379820', 'ÂÆ§ÂÜÖÂ∑•Á®ã', 'budget-201412241230051238', 'C', 'NULL', 0, 0, 0, 0, 0, 0, 'true', 'NULL', 'basic-201412241009184112', 'NULL'),
(37, 'budget-item-201412241259322651', 'ÁîµÁÅØÂ∑•Á®ã', 'budget-201412241230051238', 'C', 'NULL', 0, 0, 0, 0, 0, 0, 'true', 'NULL', 'basic-201412241009187201', 'NULL'),
(38, 'budget-item-201412241259321311', 'ÁÅØÊ≥°', 'budget-201412241230051238', 'C-1', '‰∏™', 1, 0.12, 21, 21.31, 10.2, 4.4352, 'true', 'NULL', 'basic-201412241009187201', 'basic-sub-201412241142148890'),
(39, 'budget-item-201412301726081859', 'ÂêäÈ°∂Â∑•Á®ã', 'budget-201412301726085628', 'A', 'NULL', 0, 0, 0, 0, 0, 0, 'false', 'NULL', 'basic-201412061743412957', 'NULL'),
(40, 'budget-item-201412301726084424', 'ÂÆ∂Ë£ÖÂêäÈ°∂', 'budget-201412301726085628', 'A-1', '„é°', 2, 1.123, 3.12, 4.125, 1.312, 0.59402, 'false', 'NULL', 'basic-201412061743412957', 'basic-sub-201412061744566090'),
(41, 'budget-item-201412301726087195', 'Â±ãÈ°∂Ë£Ö‰øÆ', 'budget-201412301726085628', 'A-2', '„é°', 0.3, 3.12, 9.12, 11.234, 10.98, 1.224, 'false', 'NULL', 'basic-201412061743412957', 'basic-sub-201412061744562808'),
(42, 'budget-item-201412301726081923', 'È°∂ÈÉ®ÁøªÊñ∞', 'budget-201412301726085628', 'A-3', 'm', 1, 0.9, 2, 54, 6, 0.29, 'false', 'asdfjaklsjdfkl', 'basic-201412061743412957', 'basic-sub-201412241015528280'),
(43, 'budget-item-201412301726088012', 'È°∂ÈÉ®Ë£ÖÊΩ¢', 'budget-201412301726085628', 'A-4', 'm', 0, 9, 3.9, 0.14, 7, 2.58, 'false', 'NULL', 'basic-201412061743412957', 'basic-sub-201412241015521911'),
(44, 'budget-item-201412301726083363', 'È°∂Ê¢ÅÂàáÈô§', 'budget-201412301726085628', 'A-5', 'm', 0, 24.9, 0.1, 0.1, 6.31, 2.5, 'false', 'sdfajsldkfjla\nasjdfjalksdjlaf', 'basic-201412061743412957', 'basic-sub-201412241015523660'),
(45, 'budget-item-201412301726082992', 'ÂêçÂ≠ó1', 'budget-201412301726085628', 'A-6', 'm', 123.1, 2.3, 0.1, 4.45, 8.6, 0.96, 'false', 'NULL', 'basic-201412061743412957', 'basic-sub-201412241015526470'),
(46, 'budget-item-201412301726083737', 'ÂêçÂ≠ó2', 'budget-201412301726085628', 'A-7', 'f', 0, 0.3, 0.7, 0.54, 0.4, 0.7, 'false', 'NULL', 'basic-201412061743412957', 'basic-sub-201412241015524962'),
(47, 'budget-item-201412301726088891', 'ÂêçÂ≠ó3', 'budget-201412301726085628', 'A-8', 'm', 1, 0.4, 10.2, 0.2, 4.6, 1.06, 'false', 'NULL', 'basic-201412061743412957', 'basic-sub-201412241015526366'),
(48, 'budget-item-201412301726082262', 'ÂêçÂ≠ó4', 'budget-201412301726085628', 'A-9', 'a', 0, 5, 2.4, 0.1, 0.41, 0.074, 'false', 'NULL', 'basic-201412061743412957', 'basic-sub-201412241015528970'),
(49, 'budget-item-201412301726088265', 'ÊµãËØïÂ∑•Á®ã', 'budget-201412301726085628', 'B', 'NULL', 0, 0, 0, 0, 0, 0, 'false', 'NULL', 'basic-201412061745209628', 'NULL'),
(50, 'budget-item-201412301726089367', 'ÊµãËØïÂêçÁß∞1', 'budget-201412301726085628', 'B-1', 'hh', 13.11, 12.1, 2.01, 0.11, 9.101, 0, 'false', 'asjdfjaklsjdlfaj', 'basic-201412061745209628', 'basic-sub-201412061747255522'),
(51, 'budget-item-201412301726089864', 'ÊµãËØïÂêçÁß∞2', 'budget-201412301726085628', 'B-2', 'hl', 9, 109.1, 89.1, 0.123, 98.1, 0.1982, 'false', 'NULL', 'basic-201412061745209628', 'basic-sub-201412061747257423'),
(52, 'budget-item-201412301726081766', 'Â∑•Á®ãÁõ¥Êé•Ë¥π', 'budget-201412301726085628', 'N', 'ÂÖÉ', 1, 5106.30155, 0, 0, 0, 0, 'false', 'NULL', 'NULL', 'NULL'),
(53, 'budget-item-201412301726085768', 'ËÆæËÆ°Ë¥π3%', 'budget-201412301726085628', 'O', 'ÂÖÉ', 0.4, 2042.52062, 0, 0, 0, 0, 'false', 'NULL', 'NULL', 'NULL'),
(54, 'budget-item-201412301726084168', 'ÊïàÊûúÂõæ', 'budget-201412301726085628', 'P', 'Âº†', 11, 5500, 0, 0, 0, 0, 'false', 'NULL', 'NULL', 'NULL'),
(55, 'budget-item-201412301726084321', '5%ÁÆ°ÁêÜË¥π', 'budget-201412301726085628', 'Q', 'ÂÖÉ', 0.05, 255.3150775, 0, 0, 0, 0, 'false', 'NULL', 'NULL', 'NULL'),
(56, 'budget-item-201412301726085205', '0%Á®éÈáë', 'budget-201412301726085628', 'R', 'ÂÖÉ', 0.3, 1531.890465, 0, 0, 0, 0, 'false', 'NULL', 'NULL', 'NULL'),
(57, 'budget-item-201412301726084934', 'Â∑•Á®ãÊÄªÈÄ†‰ª∑', 'budget-201412301726085628', 'S', 'ÂÖÉ', 1, 14436.0277125, 0, 0, 0, 0, 'false', 'NULL', 'NULL', 'NULL'),
(58, 'budget-item-201501041440305398', 'ÂêäÈ°∂Â∑•Á®ã', 'budget-201501041440302265', 'A', 'NULL', 0, 0, 0, 0, 0, 0, 'false', 'NULL', 'basic-201412061743412957', 'NULL'),
(59, 'budget-item-201501041440304307', 'ÂÆ∂Ë£ÖÂêäÈ°∂', 'budget-201501041440302265', 'A-1', '„é°', 1, 1.123, 3.12, 4.125, 1.312, 0.59402, 'false', 'ÊµãËØï‰∏ã\nÊç¢Ë°å', 'basic-201412061743412957', 'basic-sub-201412061744566090'),
(60, 'budget-item-201501041440308168', 'Â±ãÈ°∂Ë£Ö‰øÆ', 'budget-201501041440302265', 'A-2', '„é°', 0, 3.12, 9.12, 11.234, 10.98, 1.224, 'false', 'NULL', 'basic-201412061743412957', 'basic-sub-201412061744562808'),
(61, 'budget-item-201501041440305624', 'È°∂ÈÉ®ÁøªÊñ∞', 'budget-201501041440302265', 'A-3', 'm', 0, 0.9, 2, 54, 6, 0.29, 'false', 'NULL', 'basic-201412061743412957', 'basic-sub-201412241015528280'),
(62, 'budget-item-201501041440303222', 'È°∂ÈÉ®Ë£ÖÊΩ¢', 'budget-201501041440302265', 'A-4', 'm', 0, 9, 3.9, 0.14, 7, 2.58, 'false', 'asdfasdfa\nsd\nfa\nsd\nf\n', 'basic-201412061743412957', 'basic-sub-201412241015521911'),
(63, 'budget-item-201501041440301224', 'È°∂Ê¢ÅÂàáÈô§', 'budget-201501041440302265', 'A-5', 'm', 0, 24.9, 0.1, 0.1, 6.31, 2.5, 'false', 'NULL', 'basic-201412061743412957', 'basic-sub-201412241015523660'),
(64, 'budget-item-201501041440306650', 'ÂêçÂ≠ó1', 'budget-201501041440302265', 'A-6', 'm', 0, 2.3, 0.1, 4.45, 8.6, 0.96, 'false', 'NULL', 'basic-201412061743412957', 'basic-sub-201412241015526470'),
(65, 'budget-item-201501041440306918', 'ÂêçÂ≠ó2', 'budget-201501041440302265', 'A-7', 'f', 0, 0.3, 0.7, 0.54, 0.4, 0.7, 'false', 'NULL', 'basic-201412061743412957', 'basic-sub-201412241015524962'),
(66, 'budget-item-201501041440309626', 'ÂêçÂ≠ó3', 'budget-201501041440302265', 'A-8', 'm', 0, 0.4, 10.2, 0.2, 4.6, 1.06, 'false', 'NULL', 'basic-201412061743412957', 'basic-sub-201412241015526366'),
(67, 'budget-item-201501041440303144', 'ÂêçÂ≠ó4', 'budget-201501041440302265', 'A-9', 'a', 0, 5, 2.4, 0.1, 0.41, 0.074, 'false', 'NULL', 'basic-201412061743412957', 'basic-sub-201412241015528970'),
(68, 'budget-item-201501041440305140', 'Â∑•Á®ãÁõ¥Êé•Ë¥π', 'budget-201501041440302265', 'N', 'ÂÖÉ', 1, 10.27402, 0, 0, 0, 0, 'false', 'NULL', 'NULL', 'NULL'),
(69, 'budget-item-201501041440308128', 'ËÆæËÆ°Ë¥π3%', 'budget-201501041440302265', 'O', 'ÂÖÉ', 0, 0, 0, 0, 0, 0, 'false', 'NULL', 'NULL', 'NULL'),
(70, 'budget-item-201501041440308904', 'ÊïàÊûúÂõæ', 'budget-201501041440302265', 'P', 'Âº†', 0, 0, 0, 0, 0, 0, 'false', 'NULL', 'NULL', 'NULL'),
(71, 'budget-item-201501041440308477', '5%ÁÆ°ÁêÜË¥π', 'budget-201501041440302265', 'Q', 'ÂÖÉ', 0.05, 0.513701, 0, 0, 0, 0, 'false', 'NULL', 'NULL', 'NULL'),
(72, 'budget-item-201501041440307222', '0%Á®éÈáë', 'budget-201501041440302265', 'R', 'ÂÖÉ', 0, 0, 0, 0, 0, 0, 'false', 'NULL', 'NULL', 'NULL'),
(73, 'budget-item-201501041440302529', 'Â∑•Á®ãÊÄªÈÄ†‰ª∑', 'budget-201501041440302265', 'S', 'ÂÖÉ', 1, 10.787721, 0, 0, 0, 0, 'false', 'NULL', 'NULL', 'NULL'),
(74, 'budget-item-201503101354359814', 'ÂΩ≠Êµ©Â∑•Á®ã', 'budget-201503101354352774', 'A', 'NULL', 0, 0, 0, 0, 0, 0, 'false', 'NULL', 'basic-201412061745099855', 'NULL'),
(75, 'budget-item-201503101354351129', 'ÁæéÂ∑•', 'budget-201503101354352774', 'A-1', 'ml', 1, 1.31, 9.1, 11.21, 0.13, 1.041, 'false', 'asdfasdfasdf\nas\ndf\na\nsd\n', 'basic-201412061745099855', 'basic-sub-201412061746241275'),
(76, 'budget-item-201503101354354607', 'ÁæéÂåñ', 'budget-201503101354352774', 'A-2', 'km', 2, 10.12, 9.12, 11.21, 11.98, 17.33524, 'false', 'asdfas\ndf\na\nsd\na', 'basic-201412061745099855', 'basic-sub-201412061746245245'),
(77, 'budget-item-201503101354352751', 'Â∑•Á®ãÁõ¥Êé•Ë¥π', 'budget-201503101354352774', 'N', 'ÂÖÉ', 1, 142.32148, 0, 0, 0, 0, 'false', 'NULL', 'NULL', 'NULL'),
(78, 'budget-item-201503101354355230', 'ËÆæËÆ°Ë¥π3%', 'budget-201503101354352774', 'O', 'ÂÖÉ', 0.3, 42.696444, 0, 0, 0, 0, 'false', 'NULL', 'NULL', 'NULL'),
(79, 'budget-item-201503101354357948', 'ÊïàÊûúÂõæ', 'budget-201503101354352774', 'P', 'Âº†', 1, 500, 0, 0, 0, 0, 'false', 'NULL', 'NULL', 'NULL'),
(80, 'budget-item-201503101354355313', '5%ÁÆ°ÁêÜË¥π', 'budget-201503101354352774', 'Q', 'ÂÖÉ', 0.05, 7.116074, 0, 0, 0, 0, 'false', 'NULL', 'NULL', 'NULL'),
(81, 'budget-item-201503101354351014', '0%Á®éÈáë', 'budget-201503101354352774', 'R', 'ÂÖÉ', 0.3, 42.696444, 0, 0, 0, 0, 'false', 'NULL', 'NULL', 'NULL'),
(82, 'budget-item-201503101354356986', 'Â∑•Á®ãÊÄªÈÄ†‰ª∑', 'budget-201503101354352774', 'S', 'ÂÖÉ', 1, 734.830442, 0, 0, 0, 0, 'false', 'NULL', 'NULL', 'NULL');

-- --------------------------------------------------------

--
-- Table structure for table `bulletin`
--

DROP TABLE IF EXISTS `bulletin`;
CREATE TABLE IF NOT EXISTS `bulletin` (
  `id` int(10) NOT NULL AUTO_INCREMENT,
  `content` text NOT NULL,
  PRIMARY KEY (`id`)
) ENGINE=InnoDB  DEFAULT CHARSET=utf8 AUTO_INCREMENT=4 ;

--
-- Dumping data for table `bulletin`
--

INSERT INTO `bulletin` (`id`, `content`) VALUES
(1, '%u6D4B%u8BD5%u516C%u544A'),
(2, '%u5404%u90E8%u95E8%u6CE8%u610F%uFF1A%0A%20%20%20%20%20%20%20%20%20%20%20%20%u5168%u529B%u524D%u8FDB'),
(3, 'ajsdklfjajsdlfjalsdfasdfasdaf');

-- --------------------------------------------------------

--
-- Table structure for table `censorship`
--

DROP TABLE IF EXISTS `censorship`;
CREATE TABLE IF NOT EXISTS `censorship` (
  `id` varchar(18) NOT NULL COMMENT '‰∏ªÈîÆ',
  `logListId` varchar(18) NOT NULL COMMENT 'ÂØπÂ∫îÂÆ°Ê†∏ÁöÑÊó•Âøóid',
  `content` text NOT NULL COMMENT 'ÂÆ°Ê†∏ÊñáÂ≠óÂÜÖÂÆπ',
  `isDeleted` varchar(5) NOT NULL DEFAULT 'false' COMMENT 'ÊòØÂê¶Âà†Èô§',
  `createTime` timestamp NOT NULL DEFAULT CURRENT_TIMESTAMP COMMENT 'ÂàõÂª∫Êó∂Èó¥',
  `userName` text NOT NULL COMMENT 'ÂÆ°Ê†∏‰∫∫',
  PRIMARY KEY (`id`)
) ENGINE=InnoDB DEFAULT CHARSET=utf8;

--
-- Dumping data for table `censorship`
--

INSERT INTO `censorship` (`id`, `logListId`, `content`, `isDeleted`, `createTime`, `userName`) VALUES
('201503020937568573', '201502271106118102', 'Ëá™Â∑±ÊâπËá™Â∑±ÁöÑ\n\n\nÊàëÊòØÊÄªÁªèÁêÜ', 'false', '2015-03-02 09:37:56', 'admin'),
('201503020945248955', '201502271039254073', 'ÊÄªÁªèÁêÜÁÆÄÂçïËØ¥‰∏§Âè•', 'false', '2015-03-02 09:45:24', 'admin'),
('201503020945340194', '201502271059453036', 'ÊÄªÁªèÁêÜÁÆÄÂçïËØ¥‰∏§Âè•', 'false', '2015-03-02 09:45:34', 'admin'),
('201503020945443301', '201502271035413206', 'ÊÄªÁªèÁêÜÁÆÄÂçïËØ¥‰∏§Âè•', 'false', '2015-03-02 09:45:44', 'admin'),
('201503020945481800', '201502271038351483', 'ÊÄªÁªèÁêÜÁÆÄÂçïËØ¥‰∏§Âè•', 'false', '2015-03-02 09:45:48', 'admin'),
('201503020945547739', '201502271100422854', 'ÊÄªÁªèÁêÜÁÆÄÂçïËØ¥‰∏§Âè•', 'false', '2015-03-02 09:45:54', 'admin'),
('201503020945587077', '201502271517482976', 'ÊÄªÁªèÁêÜÁÆÄÂçïËØ¥‰∏§Âè•', 'false', '2015-03-02 09:45:58', 'admin'),
('201503020946053404', '201502271046012752', 'ÊÄªÁªèÁêÜÁÆÄÂçïËØ¥‰∏§Âè•', 'false', '2015-03-02 09:46:05', 'admin'),
('201503020946099464', '201502271048004898', 'ÊÄªÁªèÁêÜÁÆÄÂçïËØ¥‰∏§Âè•', 'false', '2015-03-02 09:46:09', 'admin'),
('201503020946163384', '201502271048355656', 'ÊÄªÁªèÁêÜÁÆÄÂçïËØ¥‰∏§Âè•', 'false', '2015-03-02 09:46:16', 'admin'),
('201503020946214555', '201502271057562795', 'ÊÄªÁªèÁêÜÁÆÄÂçïËØ¥‰∏§Âè•', 'true', '2015-03-02 09:46:21', 'admin'),
('201503020946459763', '201502281745043079', 'ÊÄé‰πàÂøòËÆ∞ÂÜô‰∏úË•ø‰∫ÜÂë¢   \n\n\n\n\nÊàëÊòØÊÄªÁªèÁêÜ', 'false', '2015-03-02 09:46:45', 'admin'),
('201503021127176583', '201502271038351483', 'ÊàëÊòØÂ∑•Á®ãÈÉ®‰∏ªÁÆ°', 'false', '2015-03-02 11:27:17', 'pmanager'),
('201503021127278843', '201502271035413206', 'Âì•ÊòØÂ∑•Á®ãÈÉ®‰∏ªÁÆ°', 'false', '2015-03-02 11:27:27', 'pmanager'),
('201503021127351246', '201502271517482976', 'Âì•ÊòØÂ∑•Á®ãÈÉ®‰∏ªÁÆ°', 'false', '2015-03-02 11:27:35', 'pmanager'),
('201503021136564772', '201502271057562795', 'Ë°åÊîø‰∏ªÁÆ°Êù•‰∫Ü', 'true', '2015-03-02 11:36:56', 'amanager'),
('201503021207495559', '201503021202101872', 'Êì¶‰∏ÄËÑö      admin', 'true', '2015-03-02 12:07:49', 'admin'),
('201503021208527808', '201503021202101872', 'Ë°åÊîø‰∏ªÁÆ°Êù•‰∫Ü', 'true', '2015-03-02 12:08:52', 'amanager'),
('201503021211478659', '201503021211142441', 'Áúã‰∏ãÂ∞èÂÖîÂ¥ΩÂ≠ê', 'true', '2015-03-02 12:11:47', 'admin'),
('201503021212362968', '201503021211142441', 'ËÆæËÆ°ÈÉ®‰∏ªÁÆ°', 'true', '2015-03-02 12:12:36', 'dmanager'),
('201503021216377626', '201503021216038191', 'fasdfasdfasfa', 'true', '2015-03-02 12:16:37', 'dmanager'),
('201503021218552716', '201503021217462154', 'ËÆæËÆ°‰∏ªÁÆ°ÊâπÈòÖ', 'true', '2015-03-02 12:18:55', 'dmanager'),
('201503021219127940', '201503021217462154', 'ÂâØÊÄªÁªèÁêÜÊâπÈòÖ', 'true', '2015-03-02 12:19:12', 'vadmin');

-- --------------------------------------------------------

--
-- Table structure for table `chart`
--

DROP TABLE IF EXISTS `chart`;
CREATE TABLE IF NOT EXISTS `chart` (
  `id` int(10) NOT NULL AUTO_INCREMENT,
  `chartId` varchar(40) NOT NULL,
  `chartCategory` varchar(100) NOT NULL,
  `chartContent` mediumtext,
  PRIMARY KEY (`id`)
) ENGINE=InnoDB  DEFAULT CHARSET=utf8 AUTO_INCREMENT=15 ;

--
-- Dumping data for table `chart`
--

INSERT INTO `chart` (`id`, `chartId`, `chartCategory`, `chartContent`) VALUES
(13, 'chart-201411191102082014', 'Ê¨ßÂºèÂÆ∂Ë£Ö', ''),
(14, 'chart-201411191110147930', 'Áî∞Âõ≠È£éÊÉÖ', '');

-- --------------------------------------------------------

--
-- Table structure for table `log_detail`
--

DROP TABLE IF EXISTS `log_detail`;
CREATE TABLE IF NOT EXISTS `log_detail` (
  `id` varchar(18) NOT NULL,
  `createTime` timestamp NOT NULL DEFAULT CURRENT_TIMESTAMP,
  `isDeleted` varchar(5) NOT NULL DEFAULT 'false',
  `logListId` varchar(18) NOT NULL,
  `content` text NOT NULL
) ENGINE=InnoDB DEFAULT CHARSET=utf8;

--
-- Dumping data for table `log_detail`
--

INSERT INTO `log_detail` (`id`, `createTime`, `isDeleted`, `logListId`, `content`) VALUES
('201502251159491048', '2015-02-25 11:59:49', 'true', '201502251042244648', 'test'),
('201502251159529866', '2015-02-25 11:59:52', 'true', '201502251042244648', 'haha'),
('201502271036424132', '2015-02-27 10:36:42', 'false', '201502271035413206', 'ÊàëÊòØÂ∑•Á®ãÈÉ®‰∏ªÁÆ°'),
('201502271036461196', '2015-02-27 10:36:46', 'false', '201502271035413206', 'ÂìàÂìàÂìà'),
('201502271038487922', '2015-02-27 10:38:48', 'false', '201502271038351483', 'ÊàëÊòØÈ°πÁõÆÁªèÁêÜ'),
('201502271038571874', '2015-02-27 10:38:57', 'false', '201502271038351483', 'ÊàëÂìàÂìà'),
('201502271039343056', '2015-02-27 10:39:34', 'false', '201502271039254073', 'Âì•ÊòØËÆæËÆ°ÈÉ®‰∏ªÁÆ°'),
('201502271039388618', '2015-02-27 10:39:38', 'false', '201502271039254073', 'ÂìàÂìàÂìà'),
('201502271047244142', '2015-02-27 10:47:24', 'false', '201502271046012752', '‰ø∫ÊòØ‰∏öÂä°‰∏ªÁÆ°'),
('201502271047262219', '2015-02-27 10:47:26', 'false', '201502271046012752', 'ÈòøÊñØËíÇËä¨'),
('201502271048103970', '2015-02-27 10:48:10', 'false', '201502271048004898', 'ÂìàÊàëÊòØ‰∏öÂä°Âëò'),
('201502271048132505', '2015-02-27 10:48:13', 'false', '201502271048004898', 'ÂìàÂìà'),
('201502271048429255', '2015-02-27 10:48:42', 'false', '201502271048355656', 'Ë°åÊîø‰∏ªÁÆ°Êù•‰∫Ü'),
('201502271048459439', '2015-02-27 10:48:45', 'false', '201502271048355656', 'ÂëÄÂëº'),
('201502271048575296', '2015-02-27 10:48:57', 'false', '201502271048355656', 'ÊâÄÂèëÁîüÁöÑ'),
('201502271058039994', '2015-02-27 10:58:03', 'true', '201502271057562795', 'ËøôÊòØË°åÊîøÈÉ®ÂëòÂ∑•'),
('201502271058071064', '2015-02-27 10:58:07', 'true', '201502271057562795', 'tada'),
('201502271059525198', '2015-02-27 10:59:52', 'false', '201502271059453036', 'ÊàëÊòØËÆæËÆ°Â∏à'),
('201502271059564228', '2015-02-27 10:59:56', 'false', '201502271059453036', 'ÂìàÂìà'),
('201502271100516309', '2015-02-27 11:00:51', 'false', '201502271100422854', 'Âì•Âì•ÊòØÈ°πÁõÆÁõëÁêÜ'),
('201502271100545369', '2015-02-27 11:00:54', 'false', '201502271100422854', 'ÂòéÂòé'),
('201502271104314162', '2015-02-27 11:04:31', 'false', '201502271102079613', 'Âì•ÊòØÂâØÊÄªÁªèÁêÜ'),
('201502271105484574', '2015-02-27 11:05:48', 'false', '201502271102079613', 'as a'),
('201502271106193266', '2015-02-27 11:06:19', 'false', '201502271106118102', 'ÊÄªÁªèÁêÜÊó•Âøó'),
('201502271106259989', '2015-02-27 11:06:25', 'false', '201502271106118102', 'Âì•ÂèØÊòØÊÄªÁªèÁêÜ'),
('201502271517551735', '2015-02-27 15:17:55', 'false', '201502271517482976', 'ÊàëÊòØÈ°πÁõÆÁªèÁêÜ1'),
('201502271517586366', '2015-02-27 15:17:58', 'false', '201502271517482976', 'ËâæÂºóÊ£ÆÁöÑa'),
('201502281707377961', '2015-02-28 17:07:37', 'false', '201502271106118102', 'test'),
('201502281707391289', '2015-02-28 17:07:39', 'false', '201502271106118102', 'tesasfd'),
('201502281707418821', '2015-02-28 17:07:41', 'false', '201502271106118102', 'test'),
('201502281707447741', '2015-02-28 17:07:44', 'false', '201502271106118102', 'asdfa sfa sda '),
('201502281707471740', '2015-02-28 17:07:47', 'false', '201502271106118102', 'fasdfas\ndf\na\nsd\nf\nas\ndf\na'),
('201502281707512460', '2015-02-28 17:07:51', 'false', '201502271106118102', 'asdfasd\nfas\nd\naf\nsd\naf\n'),
('201502281708155684', '2015-02-28 17:08:15', 'false', '201502271106118102', 'afsdfa\ns\nd\nfa\ns\nd\nfa\ns\ndf\na\nsd\n'),
('201503021212046190', '2015-03-02 12:12:04', 'true', '201503021211142441', 'fasdfasda'),
('201503021212078767', '2015-03-02 12:12:07', 'true', '201503021211142441', 'fasdfasda'),
('201503021216093577', '2015-03-02 12:16:09', 'true', '201503021216038191', 'ÂèëÈÄÅÁöÑÂèëÁîü'),
('201503021218357317', '2015-03-02 12:18:35', 'true', '201503021217462154', 'Áù°ÈÉΩÂèëÁîüÂ§ßÂèë');

-- --------------------------------------------------------

--
-- Table structure for table `log_list`
--

DROP TABLE IF EXISTS `log_list`;
CREATE TABLE IF NOT EXISTS `log_list` (
  `id` varchar(18) NOT NULL,
  `logName` varchar(250) NOT NULL,
  `createTime` timestamp NOT NULL DEFAULT CURRENT_TIMESTAMP,
  `isDeleted` varchar(5) NOT NULL DEFAULT 'false',
  `userName` varchar(45) NOT NULL COMMENT 'Êó•ÂøóÂàõÂª∫ËÄÖ'
) ENGINE=InnoDB DEFAULT CHARSET=utf8 COMMENT='Áî®Êà∑Êó•Âøó';

--
-- Dumping data for table `log_list`
--

INSERT INTO `log_list` (`id`, `logName`, `createTime`, `isDeleted`, `userName`) VALUES
('201502251042244648', 'test', '2015-02-25 00:00:00', 'true', 'admin'),
('201502271035413206', 'Â∑•Á®ãÈÉ®‰∏ªÁÆ°ÊµãËØïÊó•Âøó', '2015-02-27 00:00:00', 'false', 'pmanager'),
('201502271038351483', 'È°πÁõÆÁªèÁêÜÊó•Âøó', '2015-02-27 00:00:00', 'false', 'pstaff'),
('201502271039254073', 'ËÆæËÆ°ÈÉ®‰∏ªÁÆ°Êó•Âøó', '2015-02-27 00:00:00', 'false', 'dmanager'),
('201502271046012752', '‰∏öÂä°‰∏ªÁÆ°', '2015-02-27 00:00:00', 'false', 'bmanager'),
('201502271048004898', '‰∏öÂä°ÂëòÊó•Âøó', '2015-02-27 00:00:00', 'false', 'bstaff'),
('201502271048355656', 'Ë°åÊîø‰∏ªÁÆ°Êó•Âøó', '2015-02-27 00:00:00', 'false', 'amanager'),
('201502271057562795', 'Ë°åÊîøÈÉ®ÂëòÂ∑•Êó•Âøó', '2015-02-27 00:00:00', 'true', 'astaff'),
('201502271059453036', 'ËÆæËÆ°Â∏àÊó•Âøó', '2015-02-27 00:00:00', 'false', 'dstaff'),
('201502271100422854', 'È°πÁõÆ ÁõëÁêÜÊó•Âøó', '2015-02-27 00:00:00', 'false', 'psupervisor'),
('201502271102079613', 'ÂâØÊÄªÁªèÁêÜÊó•Âøó', '2015-02-27 00:00:00', 'false', 'vadmin'),
('201502271106118102', 'ÊÄªÁªèÁêÜÊó•Âøó', '2015-02-27 00:00:00', 'false', 'admin'),
('201502271517482976', 'È°πÁõÆÁªèÁêÜ1Êó•Âøó', '2015-02-27 00:00:00', 'false', 'pstaff1'),
('201502281707255228', 'test', '2015-02-28 00:00:00', 'true', 'admin'),
('201502281745043079', 'ÊÄªÁªèÁêÜÊµãËØïÊó•Âøó1', '2015-02-28 00:00:00', 'false', 'admin'),
('201503021147202842', 'Ë°åÊîøÈÉ®ÂëòÂ∑•Êó•Âøó', '2015-03-02 00:00:00', 'false', 'astaff'),
('201503021202101872', 'ÊµãËØïË¢´Âà†Èô§‰πãÂêéÔºåÊâπÈòÖÂÜÖÂÆπÊòØÂê¶Ë¢´Âà†Èô§', '2015-03-02 00:00:00', 'true', 'astaff'),
('201503021211142441', 'Âà†Èô§ÊâπÈòÖÊµãËØï', '2015-03-02 00:00:00', 'true', 'dstaff'),
('201503021213401541', 'sdfasdaf', '2015-03-02 00:00:00', 'true', 'dstaff'),
('201503021214031103', 'fasfasdaf', '2015-03-02 00:00:00', 'true', 'dstaff'),
('201503021215012408', 'fasdfa', '2015-03-02 00:00:00', 'true', 'dstaff'),
('201503021216038191', 'ÊµãËØï‰∏ã', '2015-03-02 00:00:00', 'true', 'dstaff'),
('201503021217462154', 'ÊµãËØïÊúÄÂêé‰∏ÄÊ¨°', '2015-03-02 00:00:00', 'true', 'dstaff');

-- --------------------------------------------------------

--
-- Table structure for table `plan`
--

DROP TABLE IF EXISTS `plan`;
CREATE TABLE IF NOT EXISTS `plan` (
  `id` varchar(18) NOT NULL COMMENT '‰∏ªÈîÆid',
  `projectId` varchar(18) NOT NULL COMMENT 'ÂØπÂ∫îÈ°πÁõÆId',
  `createTime` timestamp NOT NULL DEFAULT CURRENT_TIMESTAMP COMMENT 'ËÆ∞ÂΩïÂàõÂª∫Êó∂Èó¥',
  `prework` varchar(50) NOT NULL COMMENT 'ÂâçÊúüÂ∑•‰Ωú',
  `matPrepare` varchar(50) NOT NULL COMMENT 'ÊùêÊñôÂáÜÂ§á',
  `waterPower` varchar(50) NOT NULL COMMENT 'Ê∞¥ÁîµÊñΩÂ∑•',
  `cementBasic` varchar(50) NOT NULL COMMENT 'Ê≥•Â∑•Âü∫Á°ÄÊñΩÂ∑•',
  `cementAdvanced` varchar(50) NOT NULL COMMENT 'Ê≥•Â∑•È•∞Èù¢ÊñΩÂ∑•',
  `wallFloor` varchar(50) NOT NULL COMMENT 'Ê¥ÅÂÖ∑„ÄÅÂ¢ôÁ∫∏„ÄÅÊú®Âú∞Êùø',
  `cleaning` varchar(50) NOT NULL COMMENT '‰øùÊ¥Å',
  `woods` varchar(50) NOT NULL COMMENT 'Êú®Â∑•ÊñΩÂ∑•',
  `painting` varchar(50) NOT NULL COMMENT 'Ê≤πÊºÜ',
  `isDeleted` varchar(5) NOT NULL DEFAULT 'false' COMMENT 'ÊòØÂê¶Â∑≤Âà†Èô§',
  PRIMARY KEY (`id`)
) ENGINE=InnoDB DEFAULT CHARSET=utf8;

--
-- Dumping data for table `plan`
--

INSERT INTO `plan` (`id`, `projectId`, `createTime`, `prework`, `matPrepare`, `waterPower`, `cementBasic`, `cementAdvanced`, `wallFloor`, `cleaning`, `woods`, `painting`, `isDeleted`) VALUES
('201503031257011510', '201412301639279398', '2015-03-03 12:57:01', '11', '11', '11', '11', '11', '11', '11', '11', '11', 'true'),
('201503031324272879', '201412301639279398', '2015-03-03 13:24:27', '1', '2', '3', '1', '4', '6', '111', '3', '5', 'true'),
('201503031324401656', '201412301640035296', '2015-03-03 13:24:40', 'a', 'fa', '', '', '', '', '', 'sdfa ', '', 'false'),
('201503031324496075', '201412301639437839', '2015-03-03 13:24:49', 'as', '', '', '', 'as', 'dfa', 'sd', ' ', 'sf ', 'false'),
('201503031736418258', '201412301639279398', '2015-03-03 17:36:41', '1', '2', '2', '1', '2', '', '', '2', '2', 'true');

-- --------------------------------------------------------

--
-- Table structure for table `progress`
--

DROP TABLE IF EXISTS `progress`;
CREATE TABLE IF NOT EXISTS `progress` (
  `id` varchar(18) NOT NULL COMMENT '‰∏ªÈîÆid',
  `progress` text NOT NULL COMMENT 'ËøõÂ∫¶ÂÜÖÂÆπ',
  `comments` text NOT NULL COMMENT 'ËøõÂ∫¶ÊÑèËßÅ',
  `createTime` timestamp NOT NULL DEFAULT CURRENT_TIMESTAMP,
  `isDeleted` varchar(5) NOT NULL DEFAULT 'false',
  `projectId` varchar(18) NOT NULL,
  PRIMARY KEY (`id`)
) ENGINE=InnoDB DEFAULT CHARSET=utf8 COMMENT='Â∑•Á®ãËøõÂ∫¶ÂíåÁõëÁêÜÊÑèËßÅ';

--
-- Dumping data for table `progress`
--

INSERT INTO `progress` (`id`, `progress`, `comments`, `createTime`, `isDeleted`, `projectId`) VALUES
('201503101052145970', 'test', '', '2015-03-10 10:52:14', 'true', '201412301639279398'),
('201503101053027280', 'sajflas\ndf\na\nsd\nfa\nsd\nfa\n', '', '2015-03-10 10:53:02', 'true', '201412301639279398'),
('201503101057399904', 'sajflas\ndf\na\nsd\nfa\nsd\nfa\n1111\n1\n1\n1\n\n1', '', '2015-03-10 10:57:39', 'true', '201412301639279398'),
('201503101156106410', 'tesajfldjalfjsldkj', '', '2015-03-10 11:56:10', 'true', '201412301639279398'),
('201503101217125728', 'test', '', '2015-03-10 12:17:12', 'false', '201412301639437839'),
('201503101217199340', 'test1', '', '2015-03-10 12:17:19', 'true', '201412301639437839'),
('201503101217221434', 'test2', '', '2015-03-10 12:17:22', 'false', '201412301639437839'),
('201503101217565545', 'test3', '', '2015-03-10 12:17:56', 'false', '201412301639437839'),
('201503101220243182', 'test1', '', '2015-03-10 12:20:24', 'true', '201412301639279398'),
('201503101220272083', 'test2', '', '2015-03-10 12:20:27', 'true', '201412301639279398'),
('201503101220304511', 'test33', '', '2015-03-10 12:20:30', 'true', '201412301639279398'),
('201503101221206580', 'test1', 'asdfasdfaÈòøÊñØÈ°øÂèëÈÄÅÂà∞', '2015-03-10 12:21:20', 'false', '201412301639279398'),
('201503101221237023', 'test2', '', '2015-03-10 12:21:23', 'false', '201412301639279398'),
('201503101221258770', 'test33', 'ajsdlfjlasjd;lfaj;lsdjl', '2015-03-10 12:21:25', 'false', '201412301639279398'),
('201503101238513619', 'ts', '', '2015-03-10 12:38:51', 'true', '201412301640035296'),
('201503101238542707', 'ts1', '', '2015-03-10 12:38:54', 'true', '201412301640035296'),
('201503101238593432', 'tsasdfasdfasdf\na\nsd\nfa\nsd\nfa\nsd\n\n13123123', '', '2015-03-10 12:38:59', 'true', '201412301640035296'),
('201503101241536956', 'test111', '', '2015-03-10 12:41:53', 'true', '201503101241429316'),
('201503101241562451', 'test', '', '2015-03-10 12:41:56', 'true', '201503101241429316'),
('201503101242053675', 'test222', '', '2015-03-10 12:42:05', 'true', '201503101241429316'),
('201503101245138892', 'fasdfasdfa', '', '2015-03-10 12:45:13', 'true', '201503101245061896'),
('201503101245189604', 'fasdfasdfa', '', '2015-03-10 12:45:18', 'true', '201503101245061896'),
('201503101245207193', 'fasdfasdfasda', '', '2015-03-10 12:45:20', 'true', '201503101245061896'),
('201503101246339171', 'sadfasdasdaf', '', '2015-03-10 12:46:33', 'false', '201412301639437839'),
('201503101246377127', 'fasdfasdfa', '', '2015-03-10 12:46:37', 'false', '201412301639437839'),
('201503101246493728', '111111', '', '2015-03-10 12:46:49', 'false', '201412301639437839'),
('201503101246580820', '1111', '', '2015-03-10 12:46:58', 'true', '201412301639279398'),
('201503101247531308', '1111', 'asdfa', '2015-03-10 12:47:53', 'false', '201412301639279398'),
('201503101248108004', 'test444', '', '2015-03-10 12:48:10', 'true', '201412301639279398'),
('201503101248131184', 'test555', '‰∏≠ÂçàÂë¢ÂàÜÈòøÊñØÈ°øÂÅ•Â∫∑Ë∑ØË¥πÂä†Ê¥õÊñØÁöÑ', '2015-03-10 12:48:13', 'false', '201412301639279398'),
('201503101248442551', 'fasdfa', '', '2015-03-10 12:48:44', 'true', '201503101248371449'),
('201503101248466463', 'fasdfa', '', '2015-03-10 12:48:46', 'true', '201503101248371449'),
('201503101250112195', 'afsdfa', '', '2015-03-10 12:50:11', 'true', '201503101250043898'),
('201503101250537189', '111', '', '2015-03-10 12:50:53', 'false', '201412301639279398'),
('201503101322431788', 'ÂìàÂìà', '', '2015-03-10 13:22:43', 'true', '201412301639279398'),
('201503101326142751', 'test1111111', 'ÈòøÊñØÈ°øÂèëÁîü', '2015-03-10 13:26:14', 'true', '201412301639279398'),
('201503101340389527', 'asdfasdfazxvzxc', '', '2015-03-10 13:40:38', 'false', '201412301639279398'),
('201503101340448009', '56745647', '', '2015-03-10 13:40:44', 'false', '201412301639279398'),
('201503101340508060', '!@#$%^&*(', 'Áù°ÈÉΩÂèëÈÄÅ', '2015-03-10 13:40:50', 'true', '201412301639279398'),
('201503101430051640', '+++++++', '', '2015-03-10 14:30:05', 'false', '201412301639437839'),
('201503101455006190', 'testxxxxx', '', '2015-03-10 14:55:00', 'false', '201412301639279398'),
('201503101456008576', '1', '', '2015-03-10 14:56:00', 'false', '201503091311147143'),
('201503101456029224', '2', '', '2015-03-10 14:56:02', 'false', '201503091311147143'),
('201503101456044301', '3', '', '2015-03-10 14:56:04', 'false', '201503091311147143'),
('201503101456322594', '+++++++', 'ÊííÁöÑÂèëÁîüÂ§ß', '2015-03-10 14:56:32', 'false', '201503091311147143'),
('201503101458555367', 'ÈòøÊñØÈ°øÂèëÈÄÅÂà∞', '', '2015-03-10 14:58:55', 'false', '201503091311147143');

-- --------------------------------------------------------

--
-- Table structure for table `project`
--

DROP TABLE IF EXISTS `project`;
CREATE TABLE IF NOT EXISTS `project` (
  `id` int(10) NOT NULL AUTO_INCREMENT,
  `projectId` varchar(20) NOT NULL COMMENT 'Â∑•Á®ãÈ°πÁõÆid',
  `projectName` varchar(100) NOT NULL COMMENT 'Â∑•Á®ãÈ°πÁõÆÂêçÁß∞',
  `period` varchar(45) DEFAULT NULL COMMENT 'œÓƒøπ§∆⁄',
  `captain` varchar(45) DEFAULT NULL COMMENT 'œÓƒø∏∫‘»À',
  `supervisor` varchar(45) DEFAULT NULL COMMENT 'œÓƒøº‡¿Ì',
  `projectChart` mediumtext COMMENT 'Â∑•Á®ãÂõæÁâá',
  `projectTime` timestamp NOT NULL DEFAULT CURRENT_TIMESTAMP,
  `budgetId` varchar(30) DEFAULT NULL COMMENT 'corresponding budget',
  `isFrozen` tinyint(2) NOT NULL DEFAULT '0' COMMENT 'ÊòØÂê¶‰∏∫Ê≠ªÂçïÔºåÈªòËÆ§‰∏çÊòØ',
  `isDeleted` varchar(5) NOT NULL DEFAULT 'false' COMMENT 'ÈÄªËæëÂà†Èô§Ê†áÂøó‰Ωç',
  PRIMARY KEY (`id`)
) ENGINE=InnoDB  DEFAULT CHARSET=utf8 AUTO_INCREMENT=21 ;

--
-- Dumping data for table `project`
--

INSERT INTO `project` (`id`, `projectId`, `projectName`, `period`, `captain`, `supervisor`, `projectChart`, `projectTime`, `budgetId`, `isFrozen`, `isDeleted`) VALUES
(8, '201412301639279398', 'Ë•øÂ±±ÁæéÂ¢Ö', '====11', '-----222', '1111333', '../resources/chart/201412301639279398/201501091131157127.jpg||08f790529822720eb9ab5fe979cb0a46f21fabb8.jpg<>../resources/chart/201412301639279398/201501091131151184.jpg||9f2f070828381f30f49143b6ab014c086e06f021.jpg<>../resources/chart/201412301639279398/201501091131155389.jpg||574e9258d109b3de8106567bcebf6c81800a4c63.jpg<>../resources/chart/201412301639279398/201501091131159348.jpg||5882b2b7d0a20cf43194a4de74094b36acaf99ae.jpg<>../resources/chart/201412301639279398/201501091131152245.jpg||a6efce1b9d16fdfa58ee65e3b68f8c5494ee7b39.jpg<>../resources/chart/201412301639279398/201501091131153716.jpg||aa64034f78f0f736319e2e080855b319ebc41352.jpg<>../resources/chart/201412301639279398/201501091131155881.jpg||b8014a90f603738d3c345623b11bb051f819ecb1.jpg<>../resources/chart/201412301639279398/201501091131158899.jpg||cdbf6c81800a19d87a6555ea31fa828ba71e46ff.jpg<>../resources/chart/201412301639279398/201501091131156331.jpg||d009b3de9c82d158fb0603b0820a19d8bc3e422e.jpg<>../resources/chart/201412301639279398/201501091131151941.jpg||d31b0ef41bd5ad6e6dd475eb83cb39dbb6fd3c85.jpg<>../resources/chart/201412301639279398/201501091131157546.jpg||u=1,2239671332&fm=25&gp=0.jpg<>../resources/chart/201412301639279398/201501091131153418.jpg||u=2,596083530&fm=25&gp=0.jpg', '2012-01-10 00:00:00', 'budget-201412301726085628', 0, 'false'),
(9, '201412301639437839', 'Â§©ÈπèÂ∑•Á®ã', '++++', '++++', '++++', '', '2011-12-07 00:00:00', 'budget-201501041440302265', 0, 'false'),
(10, '201412301640035296', 'ÊµãËØïÂ∑•Á®ã', NULL, NULL, NULL, '', '2012-12-06 00:00:00', 'budget-201412241230051238', 0, 'true'),
(11, '201503091249283570', 'test', '1', '2', '3', '', '2015-03-09 00:00:00', NULL, 0, 'true'),
(12, '201503091311147143', 'test', NULL, NULL, NULL, '', '2015-03-08 00:00:00', NULL, 0, 'false'),
(13, '201503091311314818', 'test1', NULL, NULL, NULL, '', '2015-03-07 00:00:00', 'budget-201503101354352774', 0, 'false'),
(14, '201503091551047216', 'ÊµãËØïÂ∑•Á®ã', NULL, NULL, NULL, NULL, '2015-03-01 00:00:00', NULL, 0, 'true'),
(15, '201503091632462559', 'test111221111', NULL, NULL, NULL, NULL, '2015-03-10 00:00:00', NULL, 0, 'true'),
(16, '201503101241429316', 'test-test-test', NULL, NULL, NULL, NULL, '2012-05-03 00:00:00', NULL, 0, 'true'),
(17, '201503101242255815', 'aasfasdfa', NULL, NULL, NULL, NULL, '2015-03-10 00:00:00', NULL, 0, 'false'),
(18, '201503101245061896', 'test11111', NULL, NULL, NULL, NULL, '2012-08-07 00:00:00', NULL, 0, 'true'),
(19, '201503101248371449', '2012test', NULL, NULL, NULL, NULL, '2012-05-04 00:00:00', NULL, 0, 'true'),
(20, '201503101250043898', '2012-test-again', NULL, NULL, NULL, NULL, '2012-09-10 00:00:00', NULL, 0, 'true');

-- --------------------------------------------------------

--
-- Table structure for table `system`
--

DROP TABLE IF EXISTS `system`;
CREATE TABLE IF NOT EXISTS `system` (
  `id` int(11) NOT NULL AUTO_INCREMENT COMMENT '‰∏ªÈîÆ',
  `paramName` varchar(250) NOT NULL COMMENT 'ÂèÇÊï∞Âêç',
  `paramValue` text COMMENT 'ÂèÇÊï∞ÂÄº',
  `isDeleted` varchar(5) NOT NULL DEFAULT 'false' COMMENT 'ÊòØÂê¶Â∑≤Âà†Èô§',
  `createTime` timestamp NOT NULL DEFAULT CURRENT_TIMESTAMP COMMENT 'ÂàõÂª∫Êó∂Èó¥',
  `updateTime` timestamp NOT NULL DEFAULT '0000-00-00 00:00:00' COMMENT 'Êõ¥Êñ∞Êó∂Èó¥',
  `paramDesc` text NOT NULL COMMENT 'ÂèÇÊï∞ÊèèËø∞',
  PRIMARY KEY (`id`)
) ENGINE=InnoDB  DEFAULT CHARSET=utf8 COMMENT='Á≥ªÁªüÂèÇÊï∞Ë°®' AUTO_INCREMENT=4 ;

--
-- Dumping data for table `system`
--

INSERT INTO `system` (`id`, `paramName`, `paramValue`, `isDeleted`, `createTime`, `updateTime`, `paramDesc`) VALUES
(1, 'adminpassword', 'admin:admin', 'false', '2014-12-24 16:59:08', '0000-00-00 00:00:00', 'ÁÆ°ÁêÜÂëòÂØÜÁ†Å'),
(2, 'sessionId', '48ngg9l0qgjr1rmnbe6ipt43n6', 'false', '2014-12-24 17:01:02', '2015-03-10 15:10:16', 'Áî®Êù•ÈôêÂà∂adminÁî®Êà∑Âêå‰∏ÄÊó∂ÂàªÂè™ËÉΩÂú®‰∏Ä‰∏™Âú∞ÊñπÁôªÈôÜ'),
(3, 'pageView', '0', 'false', '2014-12-24 17:01:38', '0000-00-00 00:00:00', 'ÁΩëÈ°µËÆøÈóÆÊ¨°Êï∞');

-- --------------------------------------------------------

--
-- Table structure for table `user`
--

DROP TABLE IF EXISTS `user`;
CREATE TABLE IF NOT EXISTS `user` (
  `id` int(20) NOT NULL AUTO_INCREMENT,
  `name` varchar(200) NOT NULL,
  `projectId` varchar(18) DEFAULT NULL COMMENT '”ŒøÕ”√ªßŒ®“ªø…“‘≤Èø¥µƒœÓƒøId',
  `realname` varchar(100) NOT NULL COMMENT 'Áî®Êà∑ÁúüÂÆûÂßìÂêç',
  `password` varchar(200) NOT NULL,
  `level` varchar(10) NOT NULL COMMENT 'Áî®Êà∑Á≠âÁ∫ß',
  PRIMARY KEY (`id`)
) ENGINE=InnoDB  DEFAULT CHARSET=utf8 AUTO_INCREMENT=29 ;

--
-- Dumping data for table `user`
--

INSERT INTO `user` (`id`, `name`, `projectId`, `realname`, `password`, `level`) VALUES
(1, 'admin', NULL, 'Âº†Ê≥ΩÂçó', '858c86a3843be5e3001b7db637cb67ab', '001-001'),
(10, 'vadmin', NULL, 'Êùé‰∏π‰∏π', '99f4f6dfdc0af4a57a98e8930966c709', '001-002'),
(11, 'dmanager', NULL, 'ÁéãÂ∞è‰∫å', 'f05fe7cc82606585202bd976be1c3b20', '002-001'),
(12, 'pmanager', NULL, 'Âº†Â∞è‰∏â', '25f09d7ddb6674026750f8325f26c842', '003-001'),
(13, 'bmanager', NULL, 'ÊùéÂ∞èÂõõ', '0ce91e898f456aee56a22a524b38ccef', '004-001'),
(14, 'visitor', NULL, 'ËµµÂ∞è‰∫å', '9a96de2483722aed08b4b190568a425a', '006-001'),
(15, 'dstaff', NULL, 'Â≠ôÂ∞è‰∫å', 'c1f672517aac54e099a6a51be26a2d76', '002-002'),
(16, 'pstaff', NULL, 'Â≠ôÂ∞è‰∏â', '7cdd7bb1ba94dd63e88cda2bf96629df', '003-002'),
(17, 'psupervisor', NULL, 'Âë®Â∞è‰∫å', 'fcc3547b30e5d847b4f1a7e059288f3a', '003-003'),
(18, 'bstaff', NULL, 'Âê¥Â∞è‰∫å', 'baf1424e94aafd8f61866515159bfc59', '004-002'),
(21, 'amanager', NULL, 'Âê¥Â∞è‰∏â', '414cc63e205d297de7ccebc3af1cbffc', '005-001'),
(22, 'astaff', NULL, '‰∫éÂ∞è‰∏â', '434581bfafa03698d61eaf573f52a3ba', '005-002'),
(23, 'pstaff1', NULL, 'ÂÆãÂ∞è‰∫å', '83d0f04ed0dbb0c9f0140e679db8ef06', '003-002'),
(24, 'visitor1', '201412301639279398', 'ÂÆã‰∏π‰∏π', '835d1537edaaa2c61f8b8810fbbae84e', '006-001'),
(25, 'pgmanager', '', 'ÁéãËÄÅ‰∫î', 'b77c4c9748930b2be23c0a0307bfd793', '007-001'),
(26, 'pgstaff', '', 'ÁéãËÄÅÂÖ≠', '2840dafdbec73caf14aaa7b9a04c61c9', '007-002'),
(27, 'traveler', '201412301639279398', 'ÊàëÊòØÊ∏∏ÂÆ¢', '4951aacd81bec0ba7392114ebb7c9dbd', '006-001'),
(28, 'test', '201412301639279398', 'test', '9dbe87d7bcd06079e681b60d5e7c43b9', '006-001');

--
-- Constraints for dumped tables
--

--
-- Constraints for table `budget_item`
--
ALTER TABLE `budget_item`
  ADD CONSTRAINT `buget_item_buget` FOREIGN KEY (`budgetId`) REFERENCES `budget` (`budgetId`) ON DELETE NO ACTION ON UPDATE NO ACTION;
